id, Time, Type, Notes
1357,06:14:44 12-03-2016,Pee,
1356,20:00:26 12-02-2016,Pee,
1355,19:35:17 12-02-2016,Pee,
1354,15:59:48 12-02-2016,Pee,
1353,13:55:02 12-02-2016,Pee and Poo,
1352,09:46:30 12-02-2016,Pee,
1351,07:21:24 12-02-2016,Pee and Poo,
1350,03:18:44 12-02-2016,Pee,
1349,18:26:27 12-01-2016,Pee,
1348,15:51:38 12-01-2016,Pee and Poo,
1347,15:26:09 12-01-2016,Pee,
1346,12:45:10 12-01-2016,Pee,
1345,10:30:27 12-01-2016,Pee,
1344,08:43:07 12-01-2016,Pee,
1343,07:38:05 12-01-2016,Pee,
1342,05:48:42 12-01-2016,Pee,
1341,18:58:13 11-30-2016,Pee,
1340,17:32:43 11-30-2016,Pee,
1339,15:29:46 11-30-2016,Pee and Poo,
1338,12:07:15 11-30-2016,Pee and Poo,
1337,10:21:55 11-30-2016,Pee,
1336,08:16:01 11-30-2016,Pee,
1335,05:50:36 11-30-2016,Pee,
1334,18:58:16 11-29-2016,Pee,
1333,17:25:44 11-29-2016,Pee and Poo,
1331,12:38:35 11-29-2016,Pee,
1330,09:52:43 11-29-2016,Pee,
1329,07:30:25 11-29-2016,Pee and Poo,
1328,18:47:54 11-28-2016,Pee,
1327,16:05:31 11-28-2016,Pee,
1326,14:50:31 11-28-2016,Pee,
1325,12:46:46 11-28-2016,Pee,
1324,11:07:15 11-28-2016,Pee,
1323,09:32:44 11-28-2016,Pee,
1322,06:42:10 11-28-2016,Pee,
1321,18:38:57 11-27-2016,Pee,
1320,17:58:37 11-27-2016,Poo,
1319,17:10:30 11-27-2016,Pee,
1318,14:20:44 11-27-2016,Poo,
1317,13:04:36 11-27-2016,Pee,
1316,10:20:48 11-27-2016,Pee,
1315,09:57:21 11-27-2016,Pee,
1314,06:23:33 11-27-2016,Pee,
1313,18:11:03 11-26-2016,Pee,
1312,16:02:26 11-26-2016,Pee,
1311,13:26:16 11-26-2016,Pee and Poo,
1310,09:09:08 11-26-2016,Pee,
1309,06:39:39 11-26-2016,Pee,
1308,18:47:47 11-25-2016,Dry Diaper,
1307,17:35:09 11-25-2016,Pee,
1306,14:19:00 11-25-2016,Pee,
1305,11:40:58 11-25-2016,Pee and Poo,
1304,11:05:13 11-25-2016,Pee,
1303,07:12:31 11-25-2016,Pee,
1302,18:38:31 11-24-2016,Pee,
1301,17:44:15 11-24-2016,Pee,
1300,14:44:05 11-24-2016,Pee and Poo,
1299,13:26:21 11-24-2016,Pee,
1298,11:51:09 11-24-2016,Pee,
1297,06:50:09 11-24-2016,Pee,
1296,18:34:36 11-23-2016,Pee,
1295,16:13:34 11-23-2016,Pee,
1294,14:47:56 11-23-2016,Pee and Poo,
1293,13:51:45 11-23-2016,Pee,
1292,12:06:32 11-23-2016,Pee,
1291,09:53:41 11-23-2016,Pee,
1290,06:56:48 11-23-2016,Pee,
1289,18:38:12 11-22-2016,Dry Diaper,
1288,17:35:50 11-22-2016,Pee,
1287,15:09:34 11-22-2016,Pee,
1286,12:41:17 11-22-2016,Pee,
1285,10:08:08 11-22-2016,Pee,
1284,07:46:18 11-22-2016,Pee,
1283,18:20:31 11-21-2016,Pee,
1282,17:18:30 11-21-2016,Pee,
1281,16:02:01 11-21-2016,Pee,
1280,11:30:25 11-21-2016,Pee,
1279,09:49:33 11-21-2016,Pee,
1277,07:54:19 11-21-2016,Pee,
1278,18:00:28 11-20-2016,Pee,
1276,16:40:34 11-20-2016,Pee,
1275,14:04:50 11-20-2016,Pee,
1274,11:23:43 11-20-2016,Pee,
1273,09:20:42 11-20-2016,Pee,
1272,08:10:44 11-20-2016,Pee,
1271,06:16:51 11-20-2016,Pee,
1270,18:18:36 11-19-2016,Pee,
1269,16:24:37 11-19-2016,Pee,
1268,13:45:59 11-19-2016,Pee,
1266,10:58:27 11-19-2016,Pee,
1265,07:45:16 11-19-2016,Pee,
1264,05:46:30 11-19-2016,Pee,
1263,18:55:12 11-18-2016,Pee,
1262,17:21:05 11-18-2016,Pee,
1261,15:46:28 11-18-2016,Pee,
1260,13:25:15 11-18-2016,Pee,
1259,10:46:08 11-18-2016,Pee,
1258,07:45:21 11-18-2016,Pee,
1257,05:30:13 11-18-2016,Pee,
1255,18:50:35 11-17-2016,Pee,
1254,17:04:51 11-17-2016,Pee,
1253,14:44:49 11-17-2016,Pee,
1252,11:49:42 11-17-2016,Pee,
1251,07:30:55 11-17-2016,Pee,
1250,18:37:34 11-16-2016,Pee,
1249,17:46:21 11-16-2016,Pee,
1248,16:18:14 11-16-2016,Pee,
1247,14:08:28 11-16-2016,Pee,
1246,11:37:07 11-16-2016,Pee,
1245,08:58:03 11-16-2016,Pee,
1244,07:49:42 11-16-2016,Pee,
1243,18:26:05 11-15-2016,Pee,
1242,16:48:01 11-15-2016,Pee,
1241,14:39:23 11-15-2016,Pee and Poo,
1240,12:52:16 11-15-2016,Pee and Poo,
1239,11:28:36 11-15-2016,Pee,
1238,08:27:37 11-15-2016,Pee,
1237,17:07:04 11-14-2016,Pee,
1236,15:10:10 11-14-2016,Pee,
1235,13:35:46 11-14-2016,Pee,
1234,10:39:22 11-14-2016,Pee,
1233,08:13:53 11-14-2016,Pee,
1232,05:35:27 11-14-2016,Pee,
1231,18:37:04 11-13-2016,Pee,
1230,15:28:46 11-13-2016,Poo,
1229,14:14:33 11-13-2016,Pee,
1228,11:44:08 11-13-2016,Pee,
1227,09:13:03 11-13-2016,Pee,
1226,03:06:49 11-13-2016,Pee,
1225,17:02:47 11-12-2016,Pee,
1224,14:47:51 11-12-2016,Pee,
1223,12:07:23 11-12-2016,Pee,
1222,09:34:12 11-12-2016,Pee,
1221,07:05:04 11-12-2016,Pee,
1220,18:15:04 11-11-2016,Pee,
1219,17:05:46 11-11-2016,Pee,
1218,15:00:42 11-11-2016,Pee,
1217,12:49:13 11-11-2016,Pee,
1216,10:27:31 11-11-2016,Pee,
1215,07:23:27 11-11-2016,Pee,
1214,01:51:52 11-11-2016,Pee,
1213,19:10:37 11-10-2016,Pee and Poo,
1212,17:47:32 11-10-2016,Pee,
1211,15:35:08 11-10-2016,Pee,
1210,10:25:46 11-10-2016,Pee,
1209,08:02:10 11-10-2016,Pee,
1208,04:02:50 11-10-2016,Pee,
1207,19:04:56 11-09-2016,Pee,
1206,17:36:43 11-09-2016,Poo,another pasty one
1205,16:59:02 11-09-2016,Pee,
1204,13:57:33 11-09-2016,Pee,
1203,10:59:44 11-09-2016,Pee,
1202,08:04:01 11-09-2016,Pee,
1201,04:50:36 11-09-2016,Pee,
1200,00:15:58 11-09-2016,Pee,
1199,19:04:19 11-08-2016,Pee,
1198,17:57:09 11-08-2016,Pee,
1197,14:57:51 11-08-2016,Pee,
1196,12:46:09 11-08-2016,Pee,
1195,10:07:19 11-08-2016,Pee,
1194,09:03:04 11-08-2016,Pee,
1193,05:42:34 11-08-2016,Pee,
1192,18:47:42 11-07-2016,Pee,
1191,17:55:57 11-07-2016,Pee,
1189,16:09:17 11-07-2016,Pee,
1188,14:47:55 11-07-2016,Pee,
1187,11:12:54 11-07-2016,Pee,
1186,09:11:11 11-07-2016,Pee,
1185,05:23:41 11-07-2016,Pee,
1184,18:57:19 11-06-2016,Pee,
1183,17:42:27 11-06-2016,Pee,
1182,15:25:38 11-06-2016,Pee,
1181,13:57:14 11-06-2016,Pee,
1180,12:51:39 11-06-2016,Pee and Poo,Epic thick poop
1179,11:54:24 11-06-2016,Pee,
1178,09:34:04 11-06-2016,Pee,
1177,03:53:40 11-06-2016,Pee,
1176,19:05:42 11-05-2016,Pee,
1175,17:46:10 11-05-2016,Pee,
1174,14:58:07 11-05-2016,Pee,
1173,11:57:33 11-05-2016,Pee,
1172,09:14:25 11-05-2016,Pee,
1171,04:50:38 11-05-2016,Pee,
1170,19:05:57 11-04-2016,Pee,
1169,16:33:25 11-04-2016,Pee,
1168,15:00:14 11-04-2016,Pee,
1167,12:30:04 11-04-2016,Pee,
1166,11:05:38 11-04-2016,Pee,
1165,09:02:24 11-04-2016,Pee,
1164,19:04:54 11-03-2016,Pee,
1163,17:22:31 11-03-2016,Pee,
1162,15:09:52 11-03-2016,Pee,
1161,12:09:29 11-03-2016,Pee,
1160,09:25:54 11-03-2016,Pee,
1159,00:42:02 11-03-2016,Pee,
1158,19:09:25 11-02-2016,Pee,
1157,17:10:50 11-02-2016,Pee,
1156,14:48:52 11-02-2016,Pee,
1155,11:52:27 11-02-2016,Pee,
1154,08:57:09 11-02-2016,Pee,
1153,00:32:51 11-02-2016,Pee,
1152,19:05:06 11-01-2016,Pee,
1151,17:48:27 11-01-2016,Pee,
1150,15:40:37 11-01-2016,Pee,
1149,12:56:04 11-01-2016,Pee,
1148,08:42:38 11-01-2016,Pee,
1147,01:20:42 11-01-2016,Pee,
1146,19:15:54 10-31-2016,Pee,
1145,16:45:46 10-31-2016,Pee,
1144,14:28:58 10-31-2016,Pee,
1143,11:35:25 10-31-2016,Pee,
1142,09:27:35 10-31-2016,Pee,
1141,01:54:31 10-31-2016,Pee,
1140,18:54:46 10-30-2016,Pee,
1139,18:21:42 10-30-2016,Pee and Poo,
1138,14:35:05 10-30-2016,Pee,
1137,12:20:27 10-30-2016,Pee,
1136,10:40:44 10-30-2016,Pee,
1135,08:09:31 10-30-2016,Pee,Very small streak  of bright orange near her bum.
1134,01:51:59 10-30-2016,Pee,
1133,19:21:04 10-29-2016,Pee,
1132,18:09:15 10-29-2016,Pee,
1131,14:58:32 10-29-2016,Pee,
1130,12:37:18 10-29-2016,Pee,
1129,09:05:46 10-29-2016,Pee,
1128,02:18:04 10-29-2016,Pee,
1127,19:20:59 10-28-2016,Pee,
1126,16:20:35 10-28-2016,Pee,
1125,13:35:02 10-28-2016,Pee,
1124,11:10:37 10-28-2016,Pee,
1123,08:34:09 10-28-2016,Pee,
1122,02:46:16 10-28-2016,Pee,
1121,19:20:25 10-27-2016,Pee,
1120,18:31:30 10-27-2016,Pee,
1119,15:40:02 10-27-2016,Pee,
1118,12:10:37 10-27-2016,Pee,
1117,05:56:32 10-27-2016,Pee,
1116,19:28:04 10-26-2016,Pee,
1115,17:51:09 10-26-2016,Pee,
1114,15:35:06 10-26-2016,Pee,
1113,13:15:34 10-26-2016,Pee,
1112,09:55:29 10-26-2016,Pee,
1111,02:35:24 10-26-2016,Pee,
1110,19:29:44 10-25-2016,Dry Diaper,
1109,18:44:04 10-25-2016,Pee,
1108,16:41:41 10-25-2016,Pee,
1107,14:50:56 10-25-2016,Pee,
1106,12:25:11 10-25-2016,Pee,
1104,09:45:52 10-25-2016,Pee,
1105,07:35:16 10-25-2016,Pee,
1103,02:42:19 10-25-2016,Pee,
1102,18:50:23 10-24-2016,Pee,
1101,18:05:34 10-24-2016,Pee,
1100,15:53:04 10-24-2016,Pee,
1099,14:10:33 10-24-2016,Pee,
1098,11:06:59 10-24-2016,Pee,
1097,08:01:53 10-24-2016,Pee,
1096,03:38:12 10-24-2016,Pee,
1095,00:34:32 10-24-2016,Pee,
1094,19:20:36 10-23-2016,Pee,
1093,17:19:26 10-23-2016,Pee,
1092,14:14:34 10-23-2016,Pee,
1091,11:14:18 10-23-2016,Pee,
1090,09:13:45 10-23-2016,Pee,
1089,07:18:05 10-23-2016,Pee,
1088,04:53:32 10-23-2016,Pee,
1087,00:41:16 10-23-2016,Pee,
1086,19:35:03 10-22-2016,Pee,
1084,18:36:23 10-22-2016,Pee and Poo,
1083,16:18:54 10-22-2016,Pee,
1082,14:29:58 10-22-2016,Pee,
1081,12:04:01 10-22-2016,Pee,
1080,08:09:02 10-22-2016,Pee,
1079,03:36:51 10-22-2016,Pee,
1078,20:50:43 10-21-2016,Pee,
1077,19:18:56 10-21-2016,Pee and Poo,
1076,16:54:36 10-21-2016,Pee,
1075,15:14:51 10-21-2016,Pee,
1074,13:02:48 10-21-2016,Pee,
1073,10:40:20 10-21-2016,Pee,
1072,09:05:41 10-21-2016,Pee,
1071,07:06:02 10-21-2016,Pee,
1070,00:00:44 10-21-2016,Pee and Poo,
1069,19:34:52 10-20-2016,Pee,
1068,18:15:02 10-20-2016,Pee,
1067,15:58:02 10-20-2016,Pee,
1066,13:51:53 10-20-2016,Pee,
1064,12:12:46 10-20-2016,Pee,
1065,11:50:01 10-20-2016,Pee,
1063,08:20:40 10-20-2016,Pee,
1062,04:38:39 10-20-2016,Pee,
1061,17:52:31 10-19-2016,Pee,
1060,15:58:26 10-19-2016,Poo,
1059,15:19:29 10-19-2016,Pee,
1058,13:03:08 10-19-2016,Pee,
1057,10:18:35 10-19-2016,Pee,
1056,07:09:00 10-19-2016,Pee,
1055,03:29:26 10-19-2016,Pee and Poo,
1054,19:33:48 10-18-2016,Pee,
1053,17:43:17 10-18-2016,Pee,
1052,15:32:46 10-18-2016,Pee,
1051,12:39:22 10-18-2016,Poo,
1050,12:07:04 10-18-2016,Pee,
1049,09:34:54 10-18-2016,Pee,
1048,04:46:42 10-18-2016,Pee,
1047,19:24:19 10-17-2016,Pee,
1046,17:28:11 10-17-2016,Pee,
1045,14:54:24 10-17-2016,Pee and Poo,
1044,12:46:08 10-17-2016,Pee and Poo,
1043,09:59:15 10-17-2016,Pee and Poo,
1042,08:32:37 10-17-2016,Pee and Poo,
1041,02:40:01 10-17-2016,Pee,
1040,19:40:01 10-16-2016,Pee,
1039,17:32:35 10-16-2016,Pee,
1038,14:55:38 10-16-2016,Pee,
1037,11:58:22 10-16-2016,Pee and Poo,Huge
1036,09:57:49 10-16-2016,Pee,
1034,08:56:35 10-16-2016,Pee,
1033,03:06:36 10-16-2016,Pee,
1032,19:32:59 10-15-2016,Pee,
1031,18:17:18 10-15-2016,Pee,
1030,15:56:13 10-15-2016,Pee,
1029,13:38:05 10-15-2016,Pee,
1028,12:45:22 10-15-2016,Pee,
1027,08:39:47 10-15-2016,Pee,
1026,06:10:50 10-15-2016,Pee,
1025,02:53:34 10-15-2016,Pee,
1024,19:34:10 10-14-2016,Pee and Poo,
1023,18:29:19 10-14-2016,Pee,
1022,16:42:00 10-14-2016,Pee and Poo,
1021,14:01:58 10-14-2016,Pee,
1020,12:00:07 10-14-2016,Pee,
1019,09:46:18 10-14-2016,Pee,
1018,08:14:10 10-14-2016,Pee,
1017,01:41:43 10-14-2016,Pee,
1016,19:27:59 10-13-2016,Pee and Poo,
1015,16:13:46 10-13-2016,Pee,
1014,14:35:05 10-13-2016,Pee,
1013,12:30:57 10-13-2016,Pee,
1012,09:20:42 10-13-2016,Pee,
1011,07:45:49 10-13-2016,Pee,
1010,01:43:58 10-13-2016,Pee,
1009,19:47:48 10-12-2016,Poo,
1008,19:19:00 10-12-2016,Pee,
1007,16:30:25 10-12-2016,Pee,
1006,14:03:03 10-12-2016,Pee,
1005,11:19:22 10-12-2016,Pee,
1004,08:22:18 10-12-2016,Pee,
1003,01:02:27 10-12-2016,Pee,
1002,19:41:04 10-11-2016,Pee and Poo,
1000,17:35:21 10-11-2016,Poo,
999,17:14:34 10-11-2016,Pee,
998,15:35:59 10-11-2016,Pee,
997,13:00:11 10-11-2016,Pee,
996,11:10:37 10-11-2016,Pee,
995,08:44:02 10-11-2016,Pee,
994,06:38:41 10-11-2016,Pee,
993,02:26:39 10-11-2016,Pee,
992,19:30:51 10-10-2016,Pee and Poo,
991,17:20:22 10-10-2016,Pee,
990,16:14:26 10-10-2016,Pee,
989,13:04:34 10-10-2016,Pee,
988,11:00:03 10-10-2016,Pee,
987,08:24:53 10-10-2016,Pee,
986,05:46:17 10-10-2016,Pee,
985,01:23:32 10-10-2016,Pee,
984,20:11:06 10-09-2016,Pee,
983,18:13:58 10-09-2016,Pee,
982,15:19:49 10-09-2016,Poo,
981,13:24:42 10-09-2016,Pee and Poo,
980,10:40:58 10-09-2016,Pee,
979,08:15:29 10-09-2016,Pee,
978,01:37:48 10-09-2016,Pee,
977,23:42:57 10-08-2016,Pee,
976,19:50:24 10-08-2016,Pee,
975,17:55:36 10-08-2016,Poo,
974,17:39:09 10-08-2016,Pee,
973,14:59:46 10-08-2016,Pee,
972,12:31:17 10-08-2016,Pee,
971,09:55:11 10-08-2016,Pee,
970,06:39:49 10-08-2016,Pee and Poo,
969,02:00:41 10-08-2016,Pee and Poo,
968,19:46:51 10-07-2016,Pee,
966,18:09:24 10-07-2016,Pee,
967,15:35:53 10-07-2016,Pee,
965,12:41:07 10-07-2016,Pee and Poo,
964,11:42:08 10-07-2016,Pee,
963,09:02:13 10-07-2016,Pee,
962,07:04:58 10-07-2016,Pee,
961,02:04:34 10-07-2016,Pee and Poo,
960,19:46:10 10-06-2016,Pee,
959,19:00:37 10-06-2016,Pee and Poo,
958,14:47:30 10-06-2016,Pee,
957,11:25:55 10-06-2016,Pee,
956,08:48:13 10-06-2016,Pee,
955,06:24:24 10-06-2016,Pee,
954,01:20:19 10-06-2016,Pee,
953,20:00:51 10-05-2016,Pee,
952,19:24:07 10-05-2016,Pee and Poo,
951,17:27:37 10-05-2016,Pee,
950,14:20:32 10-05-2016,Pee,
949,11:10:52 10-05-2016,Pee,
948,09:20:23 10-05-2016,Pee,
947,06:54:31 10-05-2016,Pee,
946,04:20:43 10-05-2016,Pee,
945,00:54:31 10-05-2016,Pee,
944,22:45:40 10-04-2016,Pee,
943,19:23:51 10-04-2016,Pee,
942,18:10:52 10-04-2016,Pee and Poo,
941,15:48:41 10-04-2016,Pee,
940,12:44:18 10-04-2016,Pee,
939,10:26:36 10-04-2016,Pee and Poo,
938,08:24:32 10-04-2016,Pee and Poo,
937,06:22:53 10-04-2016,Pee,
936,03:29:12 10-04-2016,Pee,
935,19:52:33 10-03-2016,Pee,
933,18:22:20 10-03-2016,Pee,
934,18:20:54 10-03-2016,Pee,
932,15:25:43 10-03-2016,Pee and Poo,
931,12:53:58 10-03-2016,Pee,
930,09:16:55 10-03-2016,Pee,
929,07:46:52 10-03-2016,Pee,
928,05:23:23 10-03-2016,Pee,
927,00:21:23 10-03-2016,Pee,
926,20:12:35 10-02-2016,Dry Diaper,
925,18:28:09 10-02-2016,Pee,
924,15:19:15 10-02-2016,Poo,
923,14:44:43 10-02-2016,Pee,
922,11:44:49 10-02-2016,Pee,
921,10:19:28 10-02-2016,Pee,
920,08:31:16 10-02-2016,Pee,
919,06:32:13 10-02-2016,Pee,
918,00:15:35 10-02-2016,Pee,
917,19:33:15 10-01-2016,Pee,
916,18:08:11 10-01-2016,Pee,
915,14:55:33 10-01-2016,Pee,
914,11:58:59 10-01-2016,Poo,
913,11:35:44 10-01-2016,Pee,
912,08:52:12 10-01-2016,Pee,
911,06:56:18 10-01-2016,Dry Diaper,
910,04:25:13 10-01-2016,Pee,
909,19:57:39 09-30-2016,Pee,
908,19:10:19 09-30-2016,Pee,
906,17:04:50 09-30-2016,Poo,
905,16:44:49 09-30-2016,Pee,
903,12:59:35 09-30-2016,Pee,
907,10:20:14 09-30-2016,Pee,
902,07:16:56 09-30-2016,Pee,
901,02:06:39 09-30-2016,Pee,
900,19:54:34 09-29-2016,Pee,
899,18:18:53 09-29-2016,Pee and Poo,
898,14:03:21 09-29-2016,Pee,
897,11:51:13 09-29-2016,Pee,
896,09:40:15 09-29-2016,Pee,
895,07:32:04 09-29-2016,Pee,
894,01:11:06 09-29-2016,Pee,
893,20:00:54 09-28-2016,Pee,
892,18:23:02 09-28-2016,Pee,
891,16:03:12 09-28-2016,Poo,
890,16:03:08 09-28-2016,Pee,
889,13:10:26 09-28-2016,Pee,
888,10:00:29 09-28-2016,Pee and Poo,
887,08:03:46 09-28-2016,Pee,
886,07:44:48 09-28-2016,Pee and Poo,
885,05:47:06 09-28-2016,Pee and Poo,
884,01:21:40 09-28-2016,Pee,
883,20:24:13 09-27-2016,Pee,
882,19:14:20 09-27-2016,Poo,
881,19:07:13 09-27-2016,Pee,
880,16:41:34 09-27-2016,Pee and Poo,
879,15:27:00 09-27-2016,Pee,
878,13:21:32 09-27-2016,Pee,
877,10:20:20 09-27-2016,Pee,
876,07:20:43 09-27-2016,Pee,
875,04:15:25 09-27-2016,Pee,
874,01:19:28 09-27-2016,Pee,
873,20:36:24 09-26-2016,Pee,
872,18:44:46 09-26-2016,Poo,
871,16:57:33 09-26-2016,Pee,
870,14:55:38 09-26-2016,Pee,
869,13:48:54 09-26-2016,Pee,
868,10:52:13 09-26-2016,Pee,
867,09:00:04 09-26-2016,Pee,
866,06:32:36 09-26-2016,Pee,
865,03:53:06 09-26-2016,Pee and Poo,
864,20:20:47 09-25-2016,Pee,
863,19:28:50 09-25-2016,Pee,
862,16:39:04 09-25-2016,Poo,
861,16:09:43 09-25-2016,Pee,
860,13:20:40 09-25-2016,Pee and Poo,
859,10:43:09 09-25-2016,Pee,
858,07:47:22 09-25-2016,Pee,
857,01:43:46 09-25-2016,Pee,
856,20:10:03 09-24-2016,Pee,
855,18:12:55 09-24-2016,Pee,
854,14:43:12 09-24-2016,Poo,
853,14:39:54 09-24-2016,Pee and Poo,
852,11:57:33 09-24-2016,Pee,
851,10:48:40 09-24-2016,Pee,
850,08:31:49 09-24-2016,Pee,
849,06:19:41 09-24-2016,Pee,
848,04:05:29 09-24-2016,Pee,
847,00:16:37 09-24-2016,Pee,
846,20:19:42 09-23-2016,Pee,
845,18:03:47 09-23-2016,Pee,
844,15:15:29 09-23-2016,Pee,
843,13:02:43 09-23-2016,Pee and Poo,
842,12:23:25 09-23-2016,Pee and Poo,
841,08:02:27 09-23-2016,Pee,
840,06:15:41 09-23-2016,Pee,
839,04:31:50 09-23-2016,Pee,
838,00:58:02 09-23-2016,Pee,
837,19:57:39 09-22-2016,Pee,
836,17:54:52 09-22-2016,Poo,Wet and messy
835,17:38:27 09-22-2016,Pee,
834,14:43:45 09-22-2016,Pee,
833,10:58:14 09-22-2016,Pee,
832,08:38:01 09-22-2016,Pee,
831,06:42:22 09-22-2016,Pee,
830,01:14:43 09-22-2016,Pee,
829,19:59:25 09-21-2016,Pee and Poo,
828,18:55:34 09-21-2016,Pee,
827,16:03:09 09-21-2016,Pee,
826,13:15:35 09-21-2016,Pee,
825,10:58:43 09-21-2016,Pee and Poo,
824,07:38:29 09-21-2016,Pee,
823,03:44:35 09-21-2016,Pee,
822,20:27:54 09-20-2016,Pee,
821,19:31:39 09-20-2016,Pee,
820,17:45:54 09-20-2016,Pee,
819,16:25:46 09-20-2016,Pee,
818,13:05:13 09-20-2016,Poo,
817,13:00:05 09-20-2016,Pee,
816,09:37:47 09-20-2016,Pee,
815,07:24:12 09-20-2016,Pee,
814,05:32:04 09-20-2016,Pee,
813,01:53:09 09-20-2016,Pee,
812,20:11:04 09-19-2016,Pee,
811,18:49:32 09-19-2016,Pee,
810,14:58:07 09-19-2016,Pee and Poo,
809,12:34:31 09-19-2016,Pee,
808,10:05:23 09-19-2016,Pee and Poo,
807,07:02:38 09-19-2016,Pee,
806,04:18:14 09-19-2016,Pee and Poo,
805,23:55:02 09-18-2016,Pee,
804,19:55:29 09-18-2016,Pee,
803,17:03:30 09-18-2016,Poo,
802,15:16:30 09-18-2016,Pee,
801,12:30:30 09-18-2016,Pee and Poo,
800,11:59:59 09-18-2016,Pee,
799,09:47:48 09-18-2016,Pee,
798,07:03:29 09-18-2016,Pee,
797,06:26:35 09-18-2016,Pee,
796,03:57:55 09-18-2016,Pee,
795,23:50:23 09-17-2016,Pee,
794,22:33:21 09-17-2016,Pee,
793,17:52:02 09-17-2016,Pee and Poo,
792,16:04:08 09-17-2016,Pee,
791,13:34:27 09-17-2016,Pee,
790,11:29:27 09-17-2016,Pee and Poo,Huge poop
788,09:22:16 09-17-2016,Pee,
787,06:20:37 09-17-2016,Pee and Poo,
786,01:43:42 09-17-2016,Pee,
785,18:59:33 09-16-2016,Pee,
784,17:44:59 09-16-2016,Pee and Poo,
783,16:39:10 09-16-2016,Pee and Poo,
781,13:00:41 09-16-2016,Pee,
782,11:00:25 09-16-2016,Pee and Poo,
780,08:12:36 09-16-2016,Pee,
779,06:49:29 09-16-2016,Pee,
778,04:34:49 09-16-2016,Pee,
777,23:11:41 09-15-2016,Pee,
776,18:00:49 09-15-2016,Pee and Poo,
775,15:55:09 09-15-2016,Pee and Poo,
774,14:16:15 09-15-2016,Pee,
773,12:33:35 09-15-2016,Pee and Poo,
772,11:41:43 09-15-2016,Pee and Poo,
771,09:50:35 09-15-2016,Pee,
770,07:20:23 09-15-2016,Pee and Poo,
769,04:32:21 09-15-2016,Pee,
768,01:42:05 09-15-2016,Pee,
767,16:00:18 09-14-2016,Pee and Poo,
766,13:24:11 09-14-2016,Pee,
765,10:08:01 09-14-2016,Pee,
764,07:30:50 09-14-2016,Pee,
763,06:57:09 09-14-2016,Poo,Huge
762,06:57:05 09-14-2016,Pee and Poo,
761,01:29:04 09-14-2016,Pee,
760,19:49:56 09-13-2016,Pee,
759,18:08:12 09-13-2016,Pee,
758,15:02:56 09-13-2016,Pee,
757,12:48:26 09-13-2016,Pee and Poo,
756,10:44:31 09-13-2016,Pee and Poo,
755,05:15:05 09-13-2016,Pee,
754,00:36:50 09-13-2016,Pee,
753,19:03:07 09-12-2016,Pee,
752,15:45:51 09-12-2016,Pee and Poo,
751,13:30:28 09-12-2016,Pee and Poo,
750,11:13:36 09-12-2016,Pee,
749,08:36:00 09-12-2016,Pee,
748,06:00:37 09-12-2016,Pee,
747,02:54:02 09-12-2016,Pee,
746,23:06:48 09-11-2016,Pee,
745,17:26:23 09-11-2016,Pee and Poo,
744,16:10:47 09-11-2016,Pee,
743,12:23:45 09-11-2016,Poo,Double diaper change
742,12:17:19 09-11-2016,Pee and Poo,
741,11:49:05 09-11-2016,Pee and Poo,
740,11:38:43 09-11-2016,Pee,
739,09:45:40 09-11-2016,Pee,
738,06:20:34 09-11-2016,Pee and Poo,
736,01:13:24 09-11-2016,Pee,
735,19:43:07 09-10-2016,Pee,
734,17:14:28 09-10-2016,Pee and Poo,
733,16:30:00 09-10-2016,Pee and Poo,
732,13:33:22 09-10-2016,Pee and Poo,
731,11:55:14 09-10-2016,Pee and Poo,
730,08:44:00 09-10-2016,Pee,
729,06:11:59 09-10-2016,Pee,
728,03:45:26 09-10-2016,Pee,
727,00:58:36 09-10-2016,Pee,
726,19:18:06 09-09-2016,Pee,
725,17:09:52 09-09-2016,Pee and Poo,
723,14:21:09 09-09-2016,Pee,
722,12:36:26 09-09-2016,Pee and Poo,
721,11:04:59 09-09-2016,Pee,
720,07:35:14 09-09-2016,Pee,
719,06:00:52 09-09-2016,Pee,
718,23:50:33 09-08-2016,Pee,
717,17:17:53 09-08-2016,Pee,
716,16:21:26 09-08-2016,Pee and Poo,
715,14:45:43 09-08-2016,Pee,
714,12:05:27 09-08-2016,Pee,
713,10:00:55 09-08-2016,Pee and Poo,
712,09:52:36 09-08-2016,Pee and Poo,
711,09:18:31 09-08-2016,Pee,
710,07:36:39 09-08-2016,Pee,
709,03:38:30 09-08-2016,Pee,
708,01:34:32 09-08-2016,Pee,
707,16:49:05 09-07-2016,Pee and Poo,
706,15:28:35 09-07-2016,Poo,
705,14:46:20 09-07-2016,Pee and Poo,
704,13:04:28 09-07-2016,Pee,
703,10:04:11 09-07-2016,Pee,
702,06:44:37 09-07-2016,Pee,
701,23:34:57 09-06-2016,Pee,
700,19:05:53 09-06-2016,Pee and Poo,
699,15:25:24 09-06-2016,Pee,
698,10:46:06 09-06-2016,Pee and Poo,
697,09:19:27 09-06-2016,Pee and Poo,
696,06:34:15 09-06-2016,Pee,
695,23:56:04 09-05-2016,Pee,
694,18:43:30 09-05-2016,Poo,
693,18:31:39 09-05-2016,Pee and Poo,
692,17:12:49 09-05-2016,Pee,
691,14:27:36 09-05-2016,Pee and Poo,
690,11:33:31 09-05-2016,Pee and Poo,
689,09:44:59 09-05-2016,Pee,
688,05:33:13 09-05-2016,Pee and Poo,
687,00:50:11 09-05-2016,Pee,
685,19:04:55 09-04-2016,Poo,
686,18:45:30 09-04-2016,Pee,
684,16:36:22 09-04-2016,Pee,
683,13:50:50 09-04-2016,Pee,
682,10:58:56 09-04-2016,Pee and Poo,
681,08:51:28 09-04-2016,Pee,
680,06:36:37 09-04-2016,Pee,
679,04:53:01 09-04-2016,Pee and Poo,
676,18:49:23 09-03-2016,Pee,
678,16:18:35 09-03-2016,Pee and Poo,
677,12:44:28 09-03-2016,Pee,
675,09:45:19 09-03-2016,Pee,
674,07:18:14 09-03-2016,Pee,
673,05:20:50 09-03-2016,Pee,
672,01:09:17 09-03-2016,Pee,
671,18:42:40 09-02-2016,Pee and Poo,
670,17:05:08 09-02-2016,Pee,
669,14:30:02 09-02-2016,Pee,
668,11:06:45 09-02-2016,Poo,Very large
667,10:46:17 09-02-2016,Pee and Poo,
666,08:15:06 09-02-2016,Pee,
665,07:10:07 09-02-2016,Pee,
664,01:19:07 09-02-2016,Pee and Poo,
663,18:41:47 09-01-2016,Poo,
662,18:02:09 09-01-2016,Pee,
661,15:25:32 09-01-2016,Pee,
660,13:47:41 09-01-2016,Pee,
659,11:03:17 09-01-2016,Pee,
658,09:43:47 09-01-2016,Pee,
657,07:50:01 09-01-2016,Pee,
656,04:59:28 09-01-2016,Pee and Poo,
655,03:02:45 09-01-2016,Pee and Poo,
654,20:18:18 08-31-2016,Pee,
653,17:42:53 08-31-2016,Pee,
652,15:51:45 08-31-2016,Pee and Poo,
651,13:16:25 08-31-2016,Pee,
650,10:15:23 08-31-2016,Pee and Poo,
649,08:20:51 08-31-2016,Pee,
648,06:15:12 08-31-2016,Pee and Poo,
647,03:07:51 08-31-2016,Pee,
646,20:02:16 08-30-2016,Pee,
644,18:00:59 08-30-2016,Pee and Poo,
645,17:00:23 08-30-2016,Pee,
643,14:05:03 08-30-2016,Pee and Poo,
642,11:32:58 08-30-2016,Pee and Poo,
641,09:03:52 08-30-2016,Pee and Poo,
640,07:12:59 08-30-2016,Pee,
639,06:31:39 08-30-2016,Pee,
638,02:50:13 08-30-2016,Pee,
637,20:29:31 08-29-2016,Pee,
636,19:38:03 08-29-2016,Poo,
635,19:03:39 08-29-2016,Pee and Poo,
634,17:06:47 08-29-2016,Pee,
633,14:33:20 08-29-2016,Pee,
632,11:49:03 08-29-2016,Pee,
630,09:49:49 08-29-2016,Pee and Poo,
631,06:45:42 08-29-2016,Pee,
629,02:42:26 08-29-2016,Pee and Poo,
628,20:23:13 08-28-2016,Pee and Poo,
627,17:54:47 08-28-2016,Pee and Poo,
626,16:14:00 08-28-2016,Pee and Poo,
625,14:01:01 08-28-2016,Poo,
624,11:36:35 08-28-2016,Pee,
623,08:35:00 08-28-2016,Pee,
622,06:44:30 08-28-2016,Pee and Poo,
621,04:08:13 08-28-2016,Pee,
620,19:53:18 08-27-2016,Pee,
619,17:12:12 08-27-2016,Pee and Poo,
618,15:54:26 08-27-2016,Pee,
617,14:35:54 08-27-2016,Pee,
616,11:34:38 08-27-2016,Pee,
615,09:58:38 08-27-2016,Pee and Poo,
614,08:57:54 08-27-2016,Pee and Poo,
613,06:00:07 08-27-2016,Pee and Poo,
612,02:35:16 08-27-2016,Pee and Poo,
611,20:14:12 08-26-2016,Pee and Poo,
610,19:16:43 08-26-2016,Pee,
609,17:18:50 08-26-2016,Pee and Poo,
607,16:51:42 08-26-2016,Pee and Poo,
606,14:30:56 08-26-2016,Pee,
605,11:45:35 08-26-2016,Pee and Poo,
604,11:22:51 08-26-2016,Pee,
603,08:46:41 08-26-2016,Pee,
602,06:14:35 08-26-2016,Pee,
601,02:38:17 08-26-2016,Poo,
600,20:31:45 08-25-2016,Pee,Small amount of blood in diaper
599,19:37:20 08-25-2016,Pee and Poo,
598,16:54:55 08-25-2016,Pee and Poo,
597,15:11:23 08-25-2016,Pee and Poo,
596,12:35:01 08-25-2016,Pee and Poo,
595,08:47:42 08-25-2016,Pee and Poo,
594,07:08:04 08-25-2016,Pee,
593,03:17:23 08-25-2016,Pee,
592,19:36:25 08-24-2016,Pee and Poo,
591,17:27:22 08-24-2016,Poo,
590,17:16:02 08-24-2016,Pee,
589,15:09:58 08-24-2016,Pee,
588,13:10:08 08-24-2016,Pee and Poo,
587,11:38:47 08-24-2016,Pee and Poo,
586,10:01:19 08-24-2016,Pee,
585,08:14:34 08-24-2016,Pee,
584,06:42:46 08-24-2016,Poo,
583,06:26:28 08-24-2016,Pee,
582,03:26:28 08-24-2016,Pee,
581,20:41:09 08-23-2016,Pee,
580,19:36:37 08-23-2016,Pee and Poo,
579,18:16:23 08-23-2016,Pee and Poo,
578,16:21:39 08-23-2016,Pee,
577,14:18:55 08-23-2016,Pee and Poo,
576,11:49:52 08-23-2016,Pee,
575,09:40:16 08-23-2016,Pee,
574,07:37:42 08-23-2016,Pee,
573,06:07:06 08-23-2016,Pee,
572,02:22:21 08-23-2016,Pee and Poo,
571,20:01:15 08-22-2016,Poo,
570,19:22:59 08-22-2016,Pee,
569,17:21:47 08-22-2016,Pee and Poo,
568,16:58:21 08-22-2016,Pee,
567,13:45:34 08-22-2016,Pee,
566,12:39:34 08-22-2016,Pee,
564,09:34:39 08-22-2016,Poo,
565,08:50:55 08-22-2016,Pee,
563,07:51:24 08-22-2016,Pee,
561,06:17:17 08-22-2016,Pee and Poo,
562,02:25:22 08-22-2016,Pee,
560,20:51:47 08-21-2016,Poo,
559,20:20:53 08-21-2016,Pee,
558,18:51:35 08-21-2016,Pee,
557,15:43:34 08-21-2016,Pee and Poo,
556,13:30:34 08-21-2016,Pee,Barely wet
555,12:45:10 08-21-2016,Pee,
554,10:35:33 08-21-2016,Pee and Poo,
553,09:13:21 08-21-2016,Pee and Poo,
552,07:43:06 08-21-2016,Pee,
551,06:44:19 08-21-2016,Dry Diaper,
549,02:50:30 08-21-2016,Poo,
548,02:36:54 08-21-2016,Pee,
547,22:10:02 08-20-2016,Pee,
546,19:36:17 08-20-2016,Pee and Poo,
545,16:53:36 08-20-2016,Pee,
544,14:59:23 08-20-2016,Pee and Poo,
543,14:13:58 08-20-2016,Poo,
542,11:55:10 08-20-2016,Pee,
541,09:20:56 08-20-2016,Poo,
540,08:00:54 08-20-2016,Pee,
539,05:34:59 08-20-2016,Pee,
538,04:29:08 08-20-2016,Poo,
537,04:13:03 08-20-2016,Pee and Poo,
536,01:18:28 08-20-2016,Pee,
535,20:02:50 08-19-2016,Poo,
534,19:33:08 08-19-2016,Pee and Poo,
533,17:35:49 08-19-2016,Pee,
532,15:31:18 08-19-2016,Poo,
531,15:06:27 08-19-2016,Pee,
530,11:40:27 08-19-2016,Pee,
529,10:31:32 08-19-2016,Pee and Poo,
528,08:36:42 08-19-2016,Pee,
526,06:59:25 08-19-2016,Pee and Poo,
525,04:02:59 08-19-2016,Pee and Poo,
524,21:07:17 08-18-2016,Pee and Poo,
523,19:03:47 08-18-2016,Pee and Poo,
521,17:07:54 08-18-2016,Pee,
522,15:30:45 08-18-2016,Pee,
520,13:30:00 08-18-2016,Pee and Poo,
519,11:46:00 08-18-2016,Pee,
518,09:14:18 08-18-2016,Pee and Poo,
517,06:05:44 08-18-2016,Poo,
516,05:57:50 08-18-2016,Pee,
515,02:47:15 08-18-2016,Pee,
514,19:50:46 08-17-2016,Poo,
513,18:25:11 08-17-2016,Pee,
512,17:10:10 08-17-2016,Pee and Poo,
511,14:55:01 08-17-2016,Pee and Poo,
510,11:29:57 08-17-2016,Pee and Poo,
509,08:37:57 08-17-2016,Pee and Poo,
508,06:40:05 08-17-2016,Pee and Poo,
507,04:02:50 08-17-2016,Pee,
506,20:59:03 08-16-2016,Poo,
505,20:33:51 08-16-2016,Pee,
504,18:10:41 08-16-2016,Pee and Poo,
503,16:12:53 08-16-2016,Pee,
502,14:16:20 08-16-2016,Poo,
501,13:41:42 08-16-2016,Pee,
500,10:51:55 08-16-2016,Pee and Poo,
499,07:42:14 08-16-2016,Pee,
498,06:05:54 08-16-2016,Pee and Poo,
497,01:38:53 08-16-2016,Pee,
496,20:09:48 08-15-2016,Pee and Poo,
495,18:58:53 08-15-2016,Pee and Poo,
494,17:45:33 08-15-2016,Pee,
493,15:31:52 08-15-2016,Poo,
492,15:05:34 08-15-2016,Pee,
491,12:35:40 08-15-2016,Pee and Poo,
490,11:44:29 08-15-2016,Pee and Poo,
489,09:10:46 08-15-2016,Pee and Poo,
488,06:49:12 08-15-2016,Pee and Poo,
487,06:03:30 08-15-2016,Pee,
486,04:50:47 08-15-2016,Pee,
485,01:01:04 08-15-2016,Pee,
484,20:35:38 08-14-2016,Poo,Green with one brown spot
482,20:13:30 08-14-2016,Pee,
481,19:48:02 08-14-2016,Pee,
480,15:48:17 08-14-2016,Poo,
479,15:20:54 08-14-2016,Poo,
478,14:49:02 08-14-2016,Pee and Poo,
477,12:11:57 08-14-2016,Pee,
476,10:25:00 08-14-2016,Pee and Poo,
475,08:36:49 08-14-2016,Pee,
483,06:30:40 08-14-2016,Pee,
474,03:06:58 08-14-2016,Pee and Poo,
473,20:15:20 08-13-2016,Pee,
472,17:05:58 08-13-2016,Pee,
471,16:00:59 08-13-2016,Pee and Poo,
469,13:50:48 08-13-2016,Pee,
470,12:40:53 08-13-2016,Poo,
468,11:17:20 08-13-2016,Pee,
467,09:06:24 08-13-2016,Poo,
466,08:39:50 08-13-2016,Pee,
464,07:00:24 08-13-2016,Pee and Poo,
465,06:15:43 08-13-2016,Pee and Poo,
463,04:03:56 08-13-2016,Poo,
462,03:31:46 08-13-2016,Pee,
461,00:57:09 08-13-2016,Pee,
460,20:47:44 08-12-2016,Pee and Poo,
459,16:13:39 08-12-2016,Pee,
458,14:33:02 08-12-2016,Pee,
457,12:15:00 08-12-2016,Pee and Poo,
456,09:18:34 08-12-2016,Pee and Poo,
455,07:15:20 08-12-2016,Pee and Poo,
454,06:15:06 08-12-2016,Pee,
453,02:25:14 08-12-2016,Pee,
452,21:18:05 08-11-2016,Poo,
450,19:45:02 08-11-2016,Pee,
449,16:30:34 08-11-2016,Poo,
448,16:18:38 08-11-2016,Pee,
446,13:45:14 08-11-2016,Pee,
447,11:46:59 08-11-2016,Pee and Poo,
444,09:15:52 08-11-2016,Pee,
443,05:56:48 08-11-2016,Pee and Poo,
442,02:42:26 08-11-2016,Pee,
441,21:05:02 08-10-2016,Pee and Poo,
440,19:22:42 08-10-2016,Pee,
439,18:53:24 08-10-2016,Pee and Poo,
438,18:24:07 08-10-2016,Pee,
437,15:49:51 08-10-2016,Pee,
436,13:59:14 08-10-2016,Pee,
435,11:15:44 08-10-2016,Pee and Poo,
434,08:27:16 08-10-2016,Pee,
433,06:07:25 08-10-2016,Pee,
432,03:13:10 08-10-2016,Poo,
431,22:39:08 08-09-2016,Pee,
430,20:27:59 08-09-2016,Pee,
429,18:36:40 08-09-2016,Pee and Poo,
428,15:12:42 08-09-2016,Pee,
427,13:25:55 08-09-2016,Pee and Poo,
426,10:00:35 08-09-2016,Pee,
425,07:13:03 08-09-2016,Pee and Poo,
424,06:30:49 08-09-2016,Pee,
423,02:34:34 08-09-2016,Poo,
422,02:25:04 08-09-2016,Pee,
421,21:33:37 08-08-2016,Pee,
420,19:15:30 08-08-2016,Pee,
419,16:28:05 08-08-2016,Pee,
418,13:36:50 08-08-2016,Pee and Poo,
417,11:45:50 08-08-2016,Pee,
416,08:28:33 08-08-2016,Pee,
415,06:33:19 08-08-2016,Pee and Poo,
414,02:50:53 08-08-2016,Pee and Poo,
413,21:44:46 08-07-2016,Pee,
412,20:50:05 08-07-2016,Pee,
411,17:40:43 08-07-2016,Pee and Poo,
410,17:30:22 08-07-2016,Pee,
409,14:30:11 08-07-2016,Pee and Poo,
408,10:39:42 08-07-2016,Pee,
407,07:36:20 08-07-2016,Pee,
406,03:40:18 08-07-2016,Pee,
405,22:40:47 08-06-2016,Pee,
404,21:00:33 08-06-2016,Poo,
403,20:07:40 08-06-2016,Pee,
402,17:50:50 08-06-2016,Pee and Poo,
401,14:52:46 08-06-2016,Pee,
400,12:15:37 08-06-2016,Pee and Poo,
399,08:15:16 08-06-2016,Pee and Poo,
398,06:41:31 08-06-2016,Pee,
397,04:38:06 08-06-2016,Pee and Poo,
396,01:30:58 08-06-2016,Pee,
395,20:13:12 08-05-2016,Pee,
394,19:31:17 08-05-2016,Pee and Poo,
393,16:49:28 08-05-2016,Pee,
392,15:03:17 08-05-2016,Pee,
391,14:05:20 08-05-2016,Pee and Poo,
390,12:21:24 08-05-2016,Pee,
389,11:25:02 08-05-2016,Pee,
388,09:47:14 08-05-2016,Pee,
387,07:52:07 08-05-2016,Pee and Poo,
386,07:02:08 08-05-2016,Pee,
385,03:50:54 08-05-2016,Pee and Poo,
384,01:25:16 08-05-2016,Pee,
383,22:27:37 08-04-2016,Pee,
382,20:48:12 08-04-2016,Pee and Poo,
381,18:42:02 08-04-2016,Pee,
380,16:45:09 08-04-2016,Pee and Poo,
379,15:26:32 08-04-2016,Pee and Poo,
378,10:21:58 08-04-2016,Pee,
377,08:28:01 08-04-2016,Pee and Poo,
376,06:15:56 08-04-2016,Pee,
375,04:18:34 08-04-2016,Pee,
374,01:16:48 08-04-2016,Pee,
373,20:33:48 08-03-2016,Pee and Poo,
372,19:01:13 08-03-2016,Pee,
371,16:50:32 08-03-2016,Poo,
370,16:22:09 08-03-2016,Pee and Poo,
369,10:52:09 08-03-2016,Pee,
368,09:12:16 08-03-2016,Pee and Poo,
367,06:40:37 08-03-2016,Pee and Poo,
366,03:38:36 08-03-2016,Pee,
365,01:24:22 08-03-2016,Pee,
364,20:55:40 08-02-2016,Pee and Poo,
363,19:02:50 08-02-2016,Pee and Poo,
362,15:03:33 08-02-2016,Pee,
361,13:44:39 08-02-2016,Poo,
360,13:24:43 08-02-2016,Pee,
359,09:42:43 08-02-2016,Pee,
358,07:42:35 08-02-2016,Pee,
357,05:45:03 08-02-2016,Pee and Poo,
356,02:44:55 08-02-2016,Pee,
355,20:43:01 08-01-2016,Pee and Poo,
354,19:24:39 08-01-2016,Pee and Poo,
353,17:15:26 08-01-2016,Pee,
352,16:25:55 08-01-2016,Pee and Poo,
351,14:30:55 08-01-2016,Pee and Poo,
350,12:05:56 08-01-2016,Pee,
349,10:18:36 08-01-2016,Pee,
348,07:53:06 08-01-2016,Pee,
347,04:16:34 08-01-2016,Pee,
346,00:56:50 08-01-2016,Pee,
345,19:44:44 07-31-2016,Pee,
344,17:45:51 07-31-2016,Pee,
343,15:15:28 07-31-2016,Pee and Poo,
342,14:16:51 07-31-2016,Pee,
341,11:52:28 07-31-2016,Pee,
340,09:55:45 07-31-2016,Pee and Poo,
339,09:17:42 07-31-2016,Pee,
338,05:54:33 07-31-2016,Pee and Poo,
337,05:36:08 07-31-2016,Pee,
336,01:59:29 07-31-2016,Pee,
335,22:21:11 07-30-2016,Pee and Poo,
334,20:32:38 07-30-2016,Pee and Poo,
333,19:54:23 07-30-2016,Pee,
332,16:07:00 07-30-2016,Pee and Poo,
331,12:51:29 07-30-2016,Pee and Poo,
330,10:30:18 07-30-2016,Pee,
329,07:54:11 07-30-2016,Pee,
328,03:34:36 07-30-2016,Pee,
327,03:31:36 07-30-2016,Pee,
326,23:03:37 07-29-2016,Pee,
325,21:38:19 07-29-2016,Pee and Poo,
323,19:50:25 07-29-2016,Pee,
322,16:56:59 07-29-2016,Pee and Poo,
324,14:30:29 07-29-2016,Pee and Poo,
321,11:43:13 07-29-2016,Pee,
320,08:35:59 07-29-2016,Pee,
319,08:04:19 07-29-2016,Pee and Poo,
318,06:09:29 07-29-2016,Pee,
317,03:01:30 07-29-2016,Pee,
316,00:28:45 07-29-2016,Pee,
315,21:29:43 07-28-2016,Pee and Poo,
314,19:49:27 07-28-2016,Pee,
313,17:45:01 07-28-2016,Poo,
312,17:03:46 07-28-2016,Pee,
311,14:45:28 07-28-2016,Pee and Poo,
310,11:50:09 07-28-2016,Pee,
309,10:07:37 07-28-2016,Pee,
308,08:06:28 07-28-2016,Pee,
307,06:46:34 07-28-2016,Pee,
306,03:47:58 07-28-2016,Pee and Poo,
305,22:40:45 07-27-2016,Pee,
304,20:21:05 07-27-2016,Pee,
303,17:14:03 07-27-2016,Pee,
302,14:42:54 07-27-2016,Pee and Poo,
301,13:47:09 07-27-2016,Pee,
300,12:54:26 07-27-2016,Pee,
299,10:06:48 07-27-2016,Poo,
298,09:23:26 07-27-2016,Pee,
297,08:10:00 07-27-2016,Pee,
296,05:35:04 07-27-2016,Pee and Poo,
295,01:56:28 07-27-2016,Pee,
294,01:51:05 07-27-2016,Pee and Poo,
293,21:15:42 07-26-2016,Pee,
292,19:27:47 07-26-2016,Pee and Poo,
291,18:29:09 07-26-2016,Pee,
290,16:33:34 07-26-2016,Pee and Poo,
289,14:16:21 07-26-2016,Pee,
288,11:13:11 07-26-2016,Pee and Poo,
287,09:07:45 07-26-2016,Pee,
286,08:00:07 07-26-2016,Pee,
285,07:21:40 07-26-2016,Pee and Poo,
284,05:47:35 07-26-2016,Pee,
283,02:38:18 07-26-2016,Pee,
282,22:58:35 07-25-2016,Pee,
281,21:36:07 07-25-2016,Pee and Poo,
280,19:16:00 07-25-2016,Pee,
279,17:15:35 07-25-2016,Pee and Poo,
278,13:52:58 07-25-2016,Pee and Poo,
277,10:14:00 07-25-2016,Pee and Poo,
276,09:53:07 07-25-2016,Pee,
275,07:54:01 07-25-2016,Pee and Poo,
274,07:13:57 07-25-2016,Pee,
273,05:14:00 07-25-2016,Pee,
272,02:23:00 07-25-2016,Pee,
271,20:29:17 07-24-2016,Pee and Poo,
270,18:54:10 07-24-2016,Pee and Poo,
269,17:17:38 07-24-2016,Pee,
268,15:41:47 07-24-2016,Pee,
267,13:10:52 07-24-2016,Poo,
266,10:27:01 07-24-2016,Pee,
265,08:16:37 07-24-2016,Poo,
264,08:06:53 07-24-2016,Pee and Poo,
263,07:34:01 07-24-2016,Pee,
262,05:49:59 07-24-2016,Pee,
261,03:44:14 07-24-2016,Pee and Poo,
260,00:55:56 07-24-2016,Pee,
259,19:35:51 07-23-2016,Pee,
258,19:00:31 07-23-2016,Poo,
257,18:37:14 07-23-2016,Pee,
256,16:05:27 07-23-2016,Pee,
254,14:08:02 07-23-2016,Pee and Poo,
253,11:13:36 07-23-2016,Pee and Poo,
252,08:19:54 07-23-2016,Pee,
251,05:36:14 07-23-2016,Pee,
250,02:31:25 07-23-2016,Pee and Poo,
249,21:29:29 07-22-2016,Pee,
248,20:16:32 07-22-2016,Pee and Poo,
247,17:40:26 07-22-2016,Pee and Poo,
246,15:00:41 07-22-2016,Pee,
245,13:30:48 07-22-2016,Pee and Poo,
244,10:06:30 07-22-2016,Pee and Poo,
243,08:10:35 07-22-2016,Poo,
242,07:49:27 07-22-2016,Pee,
241,06:07:03 07-22-2016,Pee and Poo,
240,04:27:00 07-22-2016,Pee and Poo,
239,01:33:21 07-22-2016,Pee,
238,21:44:22 07-21-2016,Pee,
237,19:32:24 07-21-2016,Pee and Poo,
236,18:57:01 07-21-2016,Pee,
235,17:03:49 07-21-2016,Poo,
234,15:36:00 07-21-2016,Pee,
233,13:32:33 07-21-2016,Pee and Poo,
232,12:32:40 07-21-2016,Pee,
231,10:12:09 07-21-2016,Pee,
230,08:50:48 07-21-2016,Pee and Poo,
229,05:56:52 07-21-2016,Poo,
228,05:33:25 07-21-2016,Pee,
227,01:36:51 07-21-2016,Pee,
226,20:55:55 07-20-2016,Poo,
225,20:54:47 07-20-2016,Poo,
224,20:40:53 07-20-2016,Pee,
223,19:26:44 07-20-2016,Pee,
222,13:29:18 07-20-2016,Pee,
221,10:47:42 07-20-2016,Pee and Poo,
220,07:51:34 07-20-2016,Pee and Poo,
219,05:54:00 07-20-2016,Pee,
218,02:38:18 07-20-2016,Pee and Poo,
217,01:01:17 07-20-2016,Pee,
216,21:06:46 07-19-2016,Pee and Poo,Huge
215,18:56:51 07-19-2016,Pee and Poo,
214,17:30:19 07-19-2016,Pee,
213,14:05:22 07-19-2016,Pee and Poo,
212,11:49:50 07-19-2016,Pee,
211,09:05:30 07-19-2016,Pee and Poo,
210,07:00:01 07-19-2016,Pee and Poo,
209,05:25:56 07-19-2016,Pee,
208,03:20:39 07-19-2016,Pee,
207,20:56:06 07-18-2016,Pee,
206,19:40:50 07-18-2016,Pee,
205,17:44:03 07-18-2016,Pee,
204,15:30:44 07-18-2016,Pee and Poo,
203,14:58:57 07-18-2016,Pee,
202,11:29:46 07-18-2016,Pee,
201,09:05:41 07-18-2016,Pee,
200,05:17:51 07-18-2016,Pee and Poo,
199,02:26:51 07-18-2016,Pee,
198,22:20:28 07-17-2016,Pee and Poo,
197,20:50:34 07-17-2016,Pee,
196,18:34:29 07-17-2016,Pee and Poo,
195,16:08:51 07-17-2016,Pee and Poo,
194,14:14:18 07-17-2016,Pee,
193,11:53:22 07-17-2016,Pee and Poo,
191,08:21:30 07-17-2016,Pee,
190,06:46:02 07-17-2016,Pee,
189,05:53:55 07-17-2016,Pee,
188,04:37:30 07-17-2016,Pee and Poo,
184,02:02:26 07-17-2016,Pee,
183,21:35:11 07-16-2016,Pee and Poo,
182,20:23:50 07-16-2016,Pee and Poo,
181,18:37:26 07-16-2016,Pee and Poo,
180,16:45:07 07-16-2016,Pee and Poo,
179,16:36:21 07-16-2016,Pee,
178,14:58:39 07-16-2016,Pee,
177,12:25:01 07-16-2016,Pee,
176,10:09:21 07-16-2016,Pee and Poo,
175,08:12:40 07-16-2016,Pee and Poo,
174,08:09:10 07-16-2016,Pee,
173,06:24:37 07-16-2016,Poo,
172,05:43:19 07-16-2016,Pee,
171,03:00:10 07-16-2016,Pee,
170,00:06:18 07-16-2016,Poo,
168,23:51:55 07-15-2016,Pee,
167,19:41:12 07-15-2016,Pee,
166,18:09:13 07-15-2016,Pee,
165,15:20:32 07-15-2016,Pee and Poo,
164,12:45:20 07-15-2016,Pee and Poo,
163,10:50:34 07-15-2016,Pee and Poo,
162,08:32:54 07-15-2016,Pee,
161,07:02:46 07-15-2016,Pee,
160,05:08:44 07-15-2016,Pee and Poo,
159,02:21:45 07-15-2016,Pee and Poo,
158,00:31:28 07-15-2016,Pee,
157,21:44:35 07-14-2016,Pee and Poo,
156,19:02:27 07-14-2016,Pee,
155,14:32:43 07-14-2016,Pee,
154,13:12:02 07-14-2016,Pee and Poo,
153,12:26:33 07-14-2016,Pee,
152,10:11:20 07-14-2016,Pee and Poo,
151,08:28:44 07-14-2016,Pee,
150,06:22:38 07-14-2016,Pee,
149,04:25:04 07-14-2016,Pee and Poo,
148,01:59:03 07-14-2016,Pee,
147,23:05:31 07-13-2016,Pee and Poo,
146,19:56:23 07-13-2016,Pee and Poo,
145,18:14:25 07-13-2016,Pee and Poo,
144,10:40:24 07-13-2016,Pee and Poo,
143,08:05:47 07-13-2016,Pee,
142,06:42:21 07-13-2016,Pee,
141,04:44:18 07-13-2016,Pee and Poo,
140,02:05:56 07-13-2016,Pee,
139,00:25:27 07-13-2016,Pee,
138,20:23:52 07-12-2016,Poo,
137,19:59:53 07-12-2016,Pee and Poo,
136,18:44:58 07-12-2016,Pee,
135,16:45:12 07-12-2016,Poo,
134,16:20:16 07-12-2016,Pee,
133,13:19:59 07-12-2016,Pee,
132,11:51:34 07-12-2016,Pee and Poo,
131,09:57:53 07-12-2016,Pee and Poo,
130,08:22:18 07-12-2016,Pee,
129,06:12:48 07-12-2016,Pee and Poo,
128,03:53:19 07-12-2016,Pee,
127,01:35:57 07-12-2016,Pee,
126,23:31:13 07-11-2016,Pee,
125,20:36:25 07-11-2016,Poo,Huge
124,20:19:31 07-11-2016,Pee,
123,17:53:19 07-11-2016,Pee and Poo,
122,13:50:59 07-11-2016,Pee,
121,11:52:34 07-11-2016,Pee and Poo,
120,09:31:36 07-11-2016,Pee and Poo,
119,07:03:25 07-11-2016,Pee,
118,05:34:43 07-11-2016,Pee,
117,03:03:57 07-11-2016,Pee,
116,02:40:39 07-11-2016,Pee,
115,23:56:32 07-10-2016,Pee,
114,20:45:57 07-10-2016,Pee and Poo,
113,17:10:24 07-10-2016,Pee and Poo,
111,14:57:40 07-10-2016,Pee,
110,13:28:28 07-10-2016,Pee,
109,08:52:14 07-10-2016,Pee,
108,06:05:43 07-10-2016,Pee,
107,02:21:35 07-10-2016,Pee and Poo,Pale colour and some mucus 
106,01:30:46 07-10-2016,Pee,
105,21:35:47 07-09-2016,Pee and Poo,
104,18:16:21 07-09-2016,Pee and Poo,
103,17:56:33 07-09-2016,Pee and Poo,
102,13:42:09 07-09-2016,Pee,
101,11:32:46 07-09-2016,Poo,
99,11:10:02 07-09-2016,Pee and Poo,
98,09:02:52 07-09-2016,Pee and Poo,
97,08:40:23 07-09-2016,Pee,Double wet - peed on new one while changing 
96,04:55:41 07-09-2016,Poo,
95,04:45:31 07-09-2016,Pee,
94,00:52:00 07-09-2016,Pee,
93,00:49:05 07-09-2016,Poo,
92,00:38:29 07-09-2016,Pee,
91,22:37:23 07-08-2016,Pee and Poo,
90,19:38:26 07-08-2016,Pee and Poo,
89,16:48:58 07-08-2016,Pee and Poo,
88,14:00:02 07-08-2016,Pee,
87,11:53:28 07-08-2016,Pee and Poo,
86,09:53:58 07-08-2016,Pee,
85,06:50:00 07-08-2016,Pee,
84,03:54:42 07-08-2016,Pee,
83,03:04:31 07-08-2016,Pee,
82,02:36:44 07-08-2016,Pee and Poo,
81,22:22:03 07-07-2016,Pee,
80,20:41:25 07-07-2016,Pee and Poo,
79,19:15:51 07-07-2016,Pee,
78,18:12:20 07-07-2016,Pee,
77,14:27:26 07-07-2016,Pee and Poo,
76,12:53:17 07-07-2016,Pee,
75,10:35:30 07-07-2016,Poo,
74,10:25:03 07-07-2016,Pee and Poo,
73,09:05:41 07-07-2016,Pee,
72,05:34:08 07-07-2016,Pee,
71,01:55:10 07-07-2016,Poo,
70,00:31:39 07-07-2016,Pee,
69,20:15:56 07-06-2016,Pee,
68,18:02:13 07-06-2016,Pee and Poo,
67,16:02:37 07-06-2016,Poo,
66,15:33:50 07-06-2016,Pee,
65,14:40:11 07-06-2016,Pee,
64,13:41:05 07-06-2016,Dry Diaper,
63,12:08:56 07-06-2016,Pee and Poo,
62,09:14:15 07-06-2016,Pee,
61,07:38:40 07-06-2016,Poo,
60,07:20:49 07-06-2016,Pee and Poo,
59,04:13:52 07-06-2016,Poo,
58,01:49:51 07-06-2016,Pee,
57,21:49:10 07-05-2016,Poo,
56,21:29:07 07-05-2016,Pee,
55,18:48:06 07-05-2016,Pee and Poo,
53,17:10:40 07-05-2016,Pee and Poo,
54,15:25:12 07-05-2016,Pee,
52,13:30:50 07-05-2016,Pee and Poo,
51,11:37:46 07-05-2016,Pee,
50,09:28:49 07-05-2016,Pee and Poo,
49,07:16:58 07-05-2016,Pee and Poo,
48,06:20:49 07-05-2016,Pee and Poo,
47,04:37:14 07-05-2016,Pee and Poo,
46,02:09:04 07-05-2016,Pee,
45,22:07:37 07-04-2016,Poo,
44,21:19:52 07-04-2016,Pee and Poo,
43,18:49:01 07-04-2016,Pee,
42,17:21:02 07-04-2016,Pee and Poo,
41,16:01:41 07-04-2016,Pee and Poo,
40,13:04:19 07-04-2016,Pee,
39,11:49:11 07-04-2016,Pee and Poo,
38,09:51:39 07-04-2016,Pee and Poo,
37,07:20:05 07-04-2016,Pee,
36,04:15:18 07-04-2016,Pee,
35,01:20:51 07-04-2016,Pee,
33,20:34:28 07-03-2016,Pee,
32,18:28:47 07-03-2016,Pee,
30,17:05:00 07-03-2016,Poo,Aftershock
31,16:50:53 07-03-2016,Pee and Poo,Like chocolate sauce 
28,14:00:54 07-03-2016,Pee,
27,12:08:00 07-03-2016,Pee,
26,10:59:16 07-03-2016,Pee,
25,09:08:00 07-03-2016,Pee,
23,07:55:21 07-03-2016,Pee,
24,06:13:14 07-03-2016,Pee,
22,03:11:44 07-03-2016,Pee,
21,22:45:50 07-02-2016,Pee and Poo,
20,21:27:49 07-02-2016,Pee,
19,18:56:54 07-02-2016,Pee,
18,14:03:49 07-02-2016,Pee,
17,12:59:14 07-02-2016,Pee,
16,09:31:41 07-02-2016,Pee,
15,07:25:03 07-02-2016,Pee,
14,06:30:18 07-02-2016,Pee,
13,03:12:37 07-02-2016,Pee and Poo,
12,11:29:49 07-01-2016,Pee,
11,06:40:16 07-01-2016,Dry Diaper,Tiny poop echo
10,01:36:33 07-01-2016,Poo,
9,19:10:47 06-30-2016,Pee,
8,10:00:18 06-30-2016,Pee,
7,02:29:09 06-30-2016,Poo,
6,19:55:10 06-29-2016,Pee,
5,15:40:52 06-29-2016,Pee,
4,12:00:08 06-29-2016,Pee,
3,06:20:28 06-29-2016,Poo,Meconium 
2,03:30:20 06-29-2016,Poo,Meconium 
